{"avg_component_size": [1.0241286863270778, 1.0324324324324323, 1.0465753424657533, 1.0670391061452513, 1.0670391061452513, 1.0730337078651686, 1.07909604519774, 1.0977011494252873, 1.1137026239067056, 1.1169590643274854, 1.126843657817109, 1.1335311572700297, 1.1402985074626866, 1.1575757575757575, 1.1610942249240122, 1.1681957186544343, 1.1753846153846155, 1.1826625386996905, 1.190031152647975, 1.19375, 1.2126984126984126, 1.220447284345048, 1.2402597402597402, 1.2691029900332227, 1.2733333333333334, 1.2775919732441472, 1.2818791946308725, 1.2949152542372881, 1.3037542662116042, 1.3082191780821917, 1.3217993079584776, 1.3450704225352113, 1.3691756272401434, 1.3741007194244603, 1.3741007194244603, 1.3941605839416058, 1.3941605839416058, 1.3992673992673992, 1.4095940959409594, 1.4095940959409594, 1.420074349442379, 1.4253731343283582, 1.4253731343283582, 1.4360902255639099, 1.4580152671755726, 1.4692307692307693, 1.4749034749034748, 1.4921875, 1.5158730158730158, 1.528, 1.534136546184739, 1.5465587044534412, 1.5591836734693878, 1.5655737704918034, 1.578512396694215, 1.598326359832636, 1.6118143459915613, 1.6324786324786325, 1.646551724137931, 1.6536796536796536, 1.668122270742358, 1.6828193832599119, 1.6828193832599119, 1.7053571428571428, 1.7053571428571428, 1.7207207207207207, 1.7363636363636363, 1.7522935779816513, 1.7767441860465116, 1.8018867924528301, 1.819047619047619, 1.8365384615384615, 1.8634146341463416, 1.8725490196078431, 1.891089108910891, 1.900497512437811, 1.9195979899497488, 1.9390862944162437, 1.958974358974359, 1.9792746113989637, 2.0, 2.0211640211640214, 2.0319148936170213, 2.0760869565217392, 2.087431693989071, 2.098901098901099, 2.098901098901099, 2.110497237569061, 2.1340782122905027, 2.15819209039548, 2.1954022988505746, 2.1954022988505746, 2.1954022988505746, 2.208092485549133, 2.2339181286549707, 2.2470588235294118, 2.260355029585799, 2.2738095238095237, 2.3012048192771086, 2.3012048192771086], "avg_diameters": [36.392298253871246, 36.02185241850763, 36.47156913092082, 36.42959009658006, 36.34633192800072, 36.158473794475455, 35.38099455912107, 36.45133168786156, 35.58813641841927, 36.2992479559512, 36.182939803949274, 35.98473944173122, 36.65052704060277, 36.61130302447296, 34.87813629890731, 35.55464530426192, 34.68785555737651, 34.66456131890667, 35.82080357166013, 34.886665660495176, 35.14739232363129, 35.21987007772708, 35.278109989337224, 35.231049296398496, 35.15926963526015, 35.990577421720694, 35.27442867245913, 35.59196399569731, 35.290043911477234, 35.56096217229758, 36.115188203472, 36.12265049124798, 37.172376025475856, 37.118560310030425, 38.098104139449696, 38.2587311624203, 38.31272981344058, 38.62859770604277, 38.490811167780414, 38.52438350832089, 37.6968051091066, 38.73882158691644, 38.650988931326545, 37.72158635826008, 39.74513417137041, 37.921597864800916, 38.792104381696525, 39.25721131935975, 39.50885048805803, 38.74325255182873, 39.46185382884263, 38.7400049048957, 38.86571007916521, 38.6999496553307, 38.69122249104319, 38.649106096744006, 38.646696449091635, 40.12817322311311, 39.063226982547164, 40.13980610279056, 40.33084879114086, 40.321248767665, 40.299269491235236, 40.74242169316745, 40.21077692829788, 41.375246317427, 40.31455168094245, 41.58841725284245, 42.13187072122566, 41.220651309114245, 42.957514142999585, 41.785881519453206, 42.03465924408955, 42.20906656101394, 43.77937553433023, 43.68681854767492, 43.84639235399586, 41.3200062372931, 41.4111497049743, 41.57348584954001, 41.620449167239904, 43.59491024932256, 42.196088576540774, 41.123112531047404, 41.34784891216854, 41.239272126812864, 41.16089874035097, 41.538271856717564, 41.59544267140894, 41.92040562860976, 41.85478723706929, 41.79480218182389, 43.20257124065106, 41.09524790601288, 44.507500261366395, 44.70862763293775, 43.452442994543816, 44.16540737132313, 46.18158674154499, 45.6155014244601], "avg_component_size_20": [1.0241286863270778, 1.0324324324324323, 1.0465753424657533, 1.0670391061452513, 1.0670391061452513, 1.0730337078651686, 1.07909604519774, 1.0977011494252873, 1.1137026239067056, 1.1169590643274854, 1.126843657817109, 1.1335311572700297, 1.1402985074626866, 1.1575757575757575, 1.1610942249240122, 1.1681957186544343, 1.1753846153846155, 1.1826625386996905, 1.190031152647975, 1.19375, 1.2126984126984126, 1.220447284345048, 1.2402597402597402, 1.2691029900332227, 1.2733333333333334, 1.2775919732441472, 1.2818791946308725, 1.2949152542372881, 1.3037542662116042, 1.3082191780821917, 1.3217993079584776, 2.689655172413793, 2.7457627118644066, 2.76271186440678, 2.76271186440678, 2.7419354838709675, 2.7419354838709675, 2.7868852459016393, 2.761904761904762, 2.761904761904762, 2.765625, 2.8095238095238093, 2.8095238095238093, 2.8125, 2.791044776119403, 2.7941176470588234, 2.8088235294117645, 2.8260869565217392, 2.911764705882353, 2.9411764705882355, 2.9558823529411766, 2.985294117647059, 3.014705882352941, 3.0597014925373136, 3.08955223880597, 3.1343283582089554, 3.1323529411764706, 3.176470588235294, 3.1739130434782608, 3.1884057971014492, 3.25, 3.246376811594203, 3.246376811594203, 3.289855072463768, 3.289855072463768, 3.318840579710145, 3.347826086956522, 3.3768115942028984, 3.420289855072464, 3.463768115942029, 3.5294117647058822, 3.5588235294117645, 3.6029411764705883, 3.6176470588235294, 4.7073170731707314, 4.7073170731707314, 4.7560975609756095, 4.738095238095238, 4.659090909090909, 4.681818181818182, 4.7272727272727275, 4.795454545454546, 4.840909090909091, 5.023255813953488, 5.023255813953488, 5.069767441860465, 5.069767441860465, 5.093023255813954, 5.238095238095238, 5.232558139534884, 5.325581395348837, 5.325581395348837, 5.325581395348837, 5.4523809523809526, 5.476190476190476, 5.609756097560975, 5.658536585365853, 6.235294117647059, 6.2, 6.2], "diameters_20": [39.318568481573244, 39.83975959131635, 43.81971787778611, 44.132932805062815, 44.289122256932394, 44.37553613187384, 41.249824370150726, 45.609555097865794, 42.34126020775426, 46.37695134955815, 46.64771012784069, 46.36615352291893, 50.144730837763205, 50.32341393733406, 42.899626017516425, 46.367949086378424, 42.7013649980221, 42.63024115235442, 46.80998634408119, 43.258984983515646, 43.90355454848679, 44.13485291796837, 44.50260311868296, 44.77702671266374, 44.82097476226828, 49.71388523176604, 45.52869585663917, 47.09594655615376, 47.23997673084138, 47.43659727127227, 49.672751167170496, 50.29910554036497, 55.48180032472958, 55.51373082238049, 60.10066391730694, 60.53637949244209, 60.403930521514226, 61.13556253218939, 60.98347122458688, 60.89955528679051, 56.43758603626907, 61.87349439732711, 62.14530228750065, 57.26482420995636, 67.62885739970382, 58.91010041177362, 64.01426135104627, 64.86960085192418, 66.13372092787773, 61.814608870893, 66.24931632774201, 62.23196745349884, 63.0550591619786, 63.07691941474417, 63.40024908807279, 65.02971220992085, 64.71314849327929, 71.41192577879114, 65.77404629053164, 71.20663683470237, 71.43862891805237, 71.79975941057118, 71.64493884687154, 73.32097387724414, 72.32861473974525, 78.23756016089244, 74.12135756858696, 80.4967286282662, 82.56917687515957, 76.86706415510346, 84.65656067920264, 79.54030644173983, 80.61552957243804, 82.17291385190113, 88.73788582469325, 88.38263875809184, 89.86201504517037, 77.7968339712846, 78.76511489989775, 79.37978799063254, 79.07204409141264, 88.45597400206206, 81.74179470375712, 77.94134619539624, 77.31118853503068, 77.16463010111534, 76.92636373402883, 77.44717594785521, 78.78585790216484, 79.89367786112157, 80.42496144328534, 80.63740759366323, 87.46853426944413, 78.56054112724576, 93.01228331122738, 95.92562527859218, 90.02756714381768, 90.76466113819225, 98.71972943028352, 98.09818839749225],